"ParentId (S)","Name (S)","Type (S)","Value (S)"
"root/todo/data","ids","Folder",
"root/todo/data","list","Folder",
"root/todo/data/ids/j3ih92ys.hzks","added","String","2017-06-04T09:00:33.220Z"
"root/todo/data/ids/j3ih92ys.hzks","text","String","wash my bed set"
"root/todo/data/list","j3ih92ys.hzks","String","j3ih92ys.hzks"
"root/todo/data/list","j3ihijea.bzu1","String","j3ihijea.bzu1"
"root/todo/data/list","j3ihiwil.ibyo","String","j3ihiwil.ibyo"
"root/todo/app","app.css","File","Ym9keSB7CiAgZm9udC1mYW1pbHk6ICdSb2JvdG8nOwogIGJhY2tncm91bmQtY29sb3I6ICMyMjI7CiAgY29sb3I6ICNmZmY7Cn0K"
"root/todo/app","app.js","File","Y29uc3Qgb3JiaXRlciA9IG5ldyBPcmJpdGVyKCIvfn4vbi9hd3MtbnMvdG9kby9kYXRhIik7CgpWdWUuY29tcG9uZW50KCd0b2RvLWl0ZW0nLCB7CiAgdGVtcGxhdGU6ICcjdG9kby1pdGVtJywKICBwcm9wczogewogICAgaWQ6IFN0cmluZywKICB9LAogIGRhdGEoKSB7CiAgICByZXR1cm4gewogICAgICB0ZXh0OiAnJywKICAgICAgY3JlYXRlZDogbnVsbCwKICAgICAgbG9hZGluZzogdHJ1ZSwKICAgIH07CiAgfSwKICBtZXRob2RzOiB7CiAgICBkb25lKCkgewogICAgICBvcmJpdGVyCiAgICAgICAgLmRlbGV0ZShgL2xpc3QvJHt0aGlzLmlkfWApCiAgICAgCSAgLnRoZW4oeCA9PiBhcHAubG9hZCgpKTsKICAgIH0sCiAgfSwKICBjcmVhdGVkKCkgewogIAlvcmJpdGVyCiAgCQkubG9hZEZpbGUoYC9pZHMvJHt0aGlzLmlkfS90ZXh0YCkKICAgICAgLnRoZW4oeCA9PiB7CiAgICAgIAl0aGlzLnRleHQgPSB4OwogICAgICAJdGhpcy5sb2FkaW5nID0gZmFsc2U7CiAgICAJfSk7Cgl9LAp9KTsKClZ1ZS5jb21wb25lbnQoJ2FkZC10b2RvJywgewogIHRlbXBsYXRlOiAnI2FkZC10b2RvJywKICBkYXRhKCkgewogICAgcmV0dXJuIHsKICAgICAgdGV4dDogJycsCiAgICB9OwogIH0sCiAgbWV0aG9kczogewogICAgc2F2ZSgpIHsKICAgICAgb3JiaXRlci5wdXRSYW5kb21Gb2xkZXIoJy9pZHMnLCB7CiAgICAgICAgdGV4dDogT3JiaXRlci5TdHJpbmcodGhpcy50ZXh0KSwKICAgICAgICBhZGRlZDogT3JiaXRlci5TdHJpbmcobmV3IERhdGUoKS50b0lTT1N0cmluZygpKSwKICAgICAgfSkudGhlbihpZCA9PiB7CiAgICAgICAgY29uc29sZS5sb2coJ0NyZWF0ZWQgdG9kbycsIGlkKTsKICAgICAgICB0aGlzLnRleHQgPSAnJzsKICAgICAgICByZXR1cm4gb3JiaXRlci5wdXRTdHJpbmcoYC9saXN0LyR7aWR9YCwgaWQpCiAgICAgIH0pLnRoZW4oKCkgPT4gYXBwLmxvYWQoKSk7CiAgICB9LAogIH0sCn0pOwoKdmFyIGFwcCA9IG5ldyBWdWUoewogIGVsOiAnI2FwcCcsCiAgZGF0YTogewogICAgbGlzdDogW10sCiAgfSwKICBtZXRob2RzOiB7CiAgICBsb2FkKCkgewogICAgICBvcmJpdGVyLmxvYWRNZXRhZGF0YSgnL2xpc3QnKS50aGVuKHJlcyA9PiB7CiAgICAgICAgdGhpcy5saXN0ID0gcmVzLmNoaWxkcmVuLm1hcCh4ID0+IHgubmFtZSk7CiAgICAgIH0pOwogICAgfSwKICB9LAoJY3JlYXRlZCgpIHsKICAgIHRoaXMubG9hZCgpOwogIH0sCn0pOwo="
"root/todo/app","index.html","File","PCFkb2N0eXBlIGh0bWw+Cjx0aXRsZT5UT0RPTkU8L3RpdGxlPgo8bGluayBocmVmPSJodHRwczovL2ZvbnRzLmdvb2dsZWFwaXMuY29tL2Nzcz9mYW1pbHk9Um9ib3RvfE1hdGVyaWFsK0ljb25zIiByZWw9InN0eWxlc2hlZXQiPgo8bGluayBocmVmPSJhcHAuY3NzIiB0eXBlPSJ0ZXh0L2NzcyIgcmVsPSJzdHlsZXNoZWV0Ij4KPG1ldGEgbmFtZT0idmlld3BvcnQiIGNvbnRlbnQ9IndpZHRoPWRldmljZS13aWR0aCwgaW5pdGlhbC1zY2FsZT0xIj4KCjxkaXYgaWQ9ImFwcCI+CiAgPGgyPlRPLURPTkUhPC9oMj4KICAKICA8cD5XaGF0J3MgbmV4dD88L3A+CiAgPGFkZC10b2RvPjwvYWRkLXRvZG8+CiAgCiAgPHA+SGVyZSBhcmUgeW91ciB0aGluZ3MhPC9wPgogIDx1bD4KICAgIDx0b2RvLWl0ZW0KCSAgICAgIHYtZm9yPSJpZCBpbiBsaXN0IgogICAgICAgIDprZXk9ImlkIgogIAkgICAgOmlkPSJpZCI+CiAgICA8L3RvZG8taXRlbT4KICA8L3VsPgo8L2Rpdj4KCjxzY3JpcHQgdHlwZT0idGV4dC94LXRlbXBsYXRlIiBpZD0iYWRkLXRvZG8iPgogIDxmb3JtIEBzdWJtaXQucHJldmVudD0ic2F2ZSI+CiAgICA8aW5wdXQKICAgIAkJdHlwZT0idGV4dCIKICAgICAgICBwbGFjZWhvbGRlcj0iV2hhdCdzIHRoZSB0aGluZz8iCiAgICAgICAgYXV0b2ZvY3VzCiAgICAgICAgdi1tb2RlbD0idGV4dCIKICAgICAgLz4KICAgIDxidXR0b24gdHlwZT0ic3VibWl0Ij4KICAgICAgQWRkIHRoZSB0aGluZwogICAgPC9idXR0b24+CiAgPC9mb3JtPgo8L3NjcmlwdD4KCjxzY3JpcHQgdHlwZT0idGV4dC94LXRlbXBsYXRlIiBpZD0idG9kby1pdGVtIj4KCTxsaSB2LWlmPSIhbG9hZGluZyI+CiAgICA8aW5wdXQKICAgIAkJdHlwZT0iY2hlY2tib3giCiAgICAgICAgQGNsaWNrPSJkb25lIgogICAgICAvPgogICAgPHNwYW4+e3t0ZXh0fX08L3NwYW4+CiAgPC9saT4KPC9zY3JpcHQ+Cgo8c2NyaXB0IHNyYz0iaHR0cHM6Ly91bnBrZy5jb20vdnVlIj48L3NjcmlwdD4KPHNjcmlwdCBzcmM9Ii9+fi9uL2F3cy1ucy9vcmJpdGVyL2NsaWVudC5qcyI+PC9zY3JpcHQ+CjxzY3JpcHQgc3JjPSJhcHAuanMiPjwvc2NyaXB0Pg=="
"root/todo/data/ids/j3ihijea.bzu1","added","String","2017-06-04T09:07:54.418Z"
"root/todo/data/ids/j3ihijea.bzu1","text","String","do the thing"
"root/app-suite","README.md","File","QSBjb2xsZWN0aW9uIG9mIEZPU1MgcHJvZHVjdGl2aXR5IGFwcGxpY2F0aW9ucyBmb3IgU3RhcmR1c3Q="
"root/orbiter","client.js","File","Y2xhc3MgT3JiaXRlciB7CiAgY29uc3RydWN0b3Iocm9vdFBhdGgpIHsKICAgIHRoaXMucm9vdFBhdGggPSByb290UGF0aCB8fCAnL35+JzsKICB9CiAgCiAgLy8gQ2hhaW4gYWZ0ZXIgYSBwcm9taXNlIHdpdGggLnRoZW4oKQogIGNoZWNrT2sob2JqKSB7CiAgICBpZiAob2JqLm9rID09PSB0cnVlKSB7CiAgICAgIGNvbnNvbGUubG9nKCJTdGFyZHVzdCBvcGVyYXRpb24gY29tcGxldGVkIHN1Y2Nlc3NmdWxseSIpOwogICAgICByZXR1cm4gb2JqOwogICAgfSBlbHNlIHsKICAgICAgYWxlcnQoYFN0YXJkdXN0IG9wZXJhdGlvbiBmYWlsZWQ6XG5cbiR7b2JqfWApOwogICAgICByZXR1cm4gUHJvbWlzZS5yZWplY3Qob2JqKTsKICAgIH0KICB9CgogIGxvYWRNZXRhZGF0YShwYXRoKSB7CiAgICBjb25zb2xlLmxvZyhgW29yYml0ZXJdIExvYWRpbmcgSlNPTiBtZXRhZGF0YSBmb3IgJHtwYXRofWApOwogICAgcmV0dXJuIGZldGNoKHRoaXMucm9vdFBhdGggKyBwYXRoLCB7CiAgICAgIGhlYWRlcnM6IHsKICAgICAgICBBY2NlcHQ6ICdhcHBsaWNhdGlvbi9qc29uJywKICAgICAgfSwKICAgIH0pCiAgICAudGhlbih4ID0+IHguanNvbigpKTsKICB9CiAgCiAJLy8gVE9ETzogcmVuYW1lIGxvYWRSYXcKICBsb2FkRmlsZShwYXRoKSB7CiAgICBjb25zb2xlLmxvZyhgW29yYml0ZXJdIExvYWRpbmcgZmlsZSAke3BhdGh9YCk7CiAgICByZXR1cm4gZmV0Y2godGhpcy5yb290UGF0aCArIHBhdGgsIHsKICAgICAgaGVhZGVyczogewogICAgICAgIEFjY2VwdDogJ3RleHQvcGxhaW4nLAogICAgICB9LAogICAgfSkKICAgIC50aGVuKHggPT4geC50ZXh0KCkpOwogIH0KICAKICBwdXRGb2xkZXIocGF0aCkgewogICAgY29uc29sZS5sb2coYFtvcmJpdGVyXSBDcmVhdGluZyBmb2xkZXIgJHtwYXRofWApOwogICAgcmV0dXJuIGZldGNoKHRoaXMucm9vdFBhdGggKyBwYXRoLCB7CiAgICAgIG1ldGhvZDogJ1BVVCcsCiAgICAgIGhlYWRlcnM6IHsKICAgICAgICAnWC1TRC1FbnRyeS1UeXBlJzogJ0ZvbGRlcicsCiAgICAgIH0sCiAgICB9KQogICAgLnRoZW4oeCA9PiB4Lmpzb24oKSkKICAgIC50aGVuKHggPT4gdGhpcy5jaGVja09rKHgpKTsKICB9CiAgCiAgcHV0RmlsZShwYXRoLCBkYXRhKSB7CiAgICBjb25zb2xlLmxvZyhgW29yYml0ZXJdIFN0b3JpbmcgZmlsZSAke3BhdGh9IHdpdGggJHtkYXRhLmxlbmd0aH0gYnl0ZXNgKTsKICAgIHJldHVybiBmZXRjaCh0aGlzLnJvb3RQYXRoICsgcGF0aCwgewogICAgICBtZXRob2Q6ICdQVVQnLAogICAgICBib2R5OiBkYXRhLAogICAgICBoZWFkZXJzOiB7CiAgICAgICAgJ1gtU0QtRW50cnktVHlwZSc6ICdGaWxlJywKICAgICAgICAnQ29udGVudC1UeXBlJzogJ3RleHQvcGxhaW4nLAogICAgICB9LAogICAgfSkKICAgIC50aGVuKHggPT4geC5qc29uKCkpCiAgICAudGhlbih4ID0+IHRoaXMuY2hlY2tPayh4KSk7CiAgfQogIAogIHB1dFN0cmluZyhwYXRoLCB2YWx1ZSkgewogICAgY29uc29sZS5sb2coYFtvcmJpdGVyXSBTdG9yaW5nIHN0cmluZyAke3BhdGh9IHdpdGggdmFsdWUgIiR7dmFsdWV9ImApOwogICAgcmV0dXJuIGZldGNoKHRoaXMucm9vdFBhdGggKyBwYXRoLCB7CiAgICAgIG1ldGhvZDogJ1BVVCcsCiAgICAgIGJvZHk6IHZhbHVlLAogICAgICBoZWFkZXJzOiB7CiAgICAgICAgJ1gtU0QtRW50cnktVHlwZSc6ICdTdHJpbmcnLAogICAgICAgICdDb250ZW50LVR5cGUnOiAndGV4dC9wbGFpbicsCiAgICAgIH0sCiAgICB9KQogICAgLnRoZW4oeCA9PiB4Lmpzb24oKSkKICAgIC50aGVuKHggPT4gdGhpcy5jaGVja09rKHgpKTsKICB9CiAgCiAgc3RhdGljIHJhbmRvbUlkKCkgewogICAgcmV0dXJuIFsKICAgICAgRGF0ZS5ub3coKS50b1N0cmluZygzNiksCiAgICAgIE1hdGgucmFuZG9tKCkudG9TdHJpbmcoMzYpLnNsaWNlKDIpLnNsaWNlKC00KSwKICAgIF0uam9pbignLicpOwogIH0KCiAgcHV0UmFuZG9tRm9sZGVyKHBhcmVudCwgY2hpbGRyZW4pIHsKICAgIGNvbnN0IG5hbWUgPSBPcmJpdGVyLnJhbmRvbUlkKCk7CiAgICBjb25zdCBmdWxsUGF0aCA9IHBhcmVudCArICcvJyArIG5hbWU7CiAgICByZXR1cm4gdGhpcwogICAgICAucHV0Rm9sZGVyT2YoZnVsbFBhdGgsIGNoaWxkcmVuKQogICAgCS50aGVuKCgpID0+IG5hbWUpOwogIH0KICAKICBwdXRGb2xkZXJPZihwYXRoLCBjaGlsZHJlbikgewogICAgcmV0dXJuIHRoaXMKICAgIAkucHV0Rm9sZGVyKHBhdGgpCiAgICAJLnRoZW4oKCkgPT4gT2JqZWN0CiAgICAgICAgICAgIC5rZXlzKGNoaWxkcmVuKQogICAgICAgICAgICAubWFwKG5hbWUgPT4gewogICAgICAgIGNvbnN0IGNoaWxkID0gY2hpbGRyZW5bbmFtZV07CiAgICAgICAgY29uc3QgZnVsbFBhdGggPSBwYXRoICsgJy8nICsgbmFtZTsKICAgICAgICBzd2l0Y2ggKGNoaWxkLnR5cGUpIHsKICAgICAgICAgIGNhc2UgJ1N0cmluZyc6CgkJICAgICAgICByZXR1cm4gdGhpcy5wdXRTdHJpbmcoZnVsbFBhdGgsIGNoaWxkLnZhbHVlIHx8ICcnKTsKICAgICAgICAgIGNhc2UgJ0ZpbGUnOgoJCSAgICAgICAgcmV0dXJuIHRoaXMucHV0RmlsZShmdWxsUGF0aCwgY2hpbGQuZGF0YSB8fCAnJyk7CiAgICAgICAgICBjYXNlICdGb2xkZXInOgoJCSAgICAgICAgcmV0dXJuIHRoaXMucHV0Rm9sZGVyT2YoZnVsbFBhdGgsIGNoaWxkLmNoaWxkcmVuIHx8IHt9KTsKICAgICAgICAgIGRlZmF1bHQ6CiAgICAgICAgICAgIGFsZXJ0KGBDYW4ndCBwdXQgYSAke2NoaWxkLnR5cGV9IGluIGZvbGRlciAke3BhdGh9YCk7CiAgICAgICAgfQogICAgICB9KSkKICAgIAkudGhlbihsaXN0ID0+IFByb21pc2UuYWxsKGxpc3QpKTsKICB9CiAgCiAgCiAgc3RhdGljIFN0cmluZyh2YWx1ZSkgewogICAgcmV0dXJuIHsKICAgICAgdHlwZTogJ1N0cmluZycsCiAgICAgIHZhbHVlOiB2YWx1ZSwKICAgIH07CiAgfQoKICBzdGF0aWMgRmlsZShkYXRhKSB7CiAgICByZXR1cm4gewogICAgICB0eXBlOiAnRmlsZScsCiAgICAgIGRhdGE6IGRhdGEsCiAgICB9OwogIH0KCiAgc3RhdGljIEZvbGRlcihjaGlsZHJlbikgewogICAgcmV0dXJuIHsKICAgICAgdHlwZTogJ0ZvbGRlcicsCiAgICAgIGNoaWxkcmVuOiBjaGlsZHJlbiwKICAgIH07CiAgfQp9"
"root/todo/data/ids/j3ihiwil.ibyo","added","String","2017-06-04T09:08:11.420Z"
"root/todo/data/ids/j3ihiwil.ibyo","text","String","support name deletion"
"root/todo/data/ids","j3ih92ys.hzks","Folder",
"root/todo/data/ids","j3ihijea.bzu1","Folder",
"root/todo/data/ids","j3ihiwil.ibyo","Folder",
"root/editor","app.css","File","aHRtbCB7CiAgaGVpZ2h0OiAxMDAlOwp9Cgpib2R5IHsKICBmb250LWZhbWlseTogJ1JvYm90byc7CiAgYmFja2dyb3VuZC1jb2xvcjogIzIyMjsKICBjb2xvcjogI2ZmZjsKICBtYXJnaW46IDA7CiAgcGFkZGluZzogMDsKICBoZWlnaHQ6IDEwMCU7CiAgZGlzcGxheTogZmxleDsKICBmbGV4LWRpcmVjdGlvbjogY29sdW1uOwp9CgojYXBwIHsKICBkaXNwbGF5OiBmbGV4OwogIGZsZXg6IDE7Cn0KCi5mb2xkZXItbmFtZSB7CiAgY3Vyc29yOiBwb2ludGVyOwogIHdoaXRlLXNwYWNlOiBub3dyYXA7CiAgdHJhbnNpdGlvbjogYmFja2dyb3VuZC1jb2xvciAwLjFzOwp9Ci5mb2xkZXItbmFtZTpob3ZlciB7CiAgYmFja2dyb3VuZC1jb2xvcjogcmdiYSgyNTUsIDI1NSwgMjU1LCAwLjEyKTsKfQoKLmJvbGQgewogIGZvbnQtd2VpZ2h0OiBib2xkOwp9Cgp1bCB7CiAgcGFkZGluZy1sZWZ0OiAxZW07CiAgbGluZS1oZWlnaHQ6IDEuNWVtOwogIGxpc3Qtc3R5bGU6IG5vbmU7CiAgbWFyZ2luLWJvdHRvbTogMC41ZW07Cn0KCi50cmVlLWljb24gewogIHZlcnRpY2FsLWFsaWduOiB0b3A7Cn0KCiNyb290LXRyZWUgewogIG1pbi13aWR0aDogNWVtOwogIGRpc3BsYXk6IGZsZXg7IC8qIHNob3dzIHgtc2Nyb2xsYmFyICovCiAgb3ZlcmZsb3c6IGF1dG87CiAgbWFyZ2luOiAwOwogIHBhZGRpbmc6IDFlbTsKICBmbGV4OiAyOwogIGJhY2tncm91bmQtY29sb3I6ICMzMzM7Cn0KI3Jvb3QtdHJlZSA+IGxpIHsKICBmbGV4OiAxOwp9Cgouc3ViLXRyZWUgewogIHBhZGRpbmctbGVmdDogMC42ZW07CiAgbWFyZ2luLWxlZnQ6IDAuOGVtOwogIGJvcmRlci1sZWZ0OiAxcHggZGFzaGVkICM5OTk7CiAgYm9yZGVyLXJhZGl1czogMCAwIDAgMTBweDsKfQoKLmNyZWF0ZS1lbnRyeS1pdGVtIC5mb2xkZXItbmFtZSB7CiAgY29sb3I6ICM2NjY7CiAgdHJhbnNpdGlvbjogY29sb3IgMC4zczsKfQouY3JlYXRlLWVudHJ5LWl0ZW06aG92ZXIgLmZvbGRlci1uYW1lIHsKICBjb2xvcjogaW5oZXJpdDsKfQoKI2VkaXQtcGFuZSB7CiAgYm9yZGVyLWxlZnQ6IDFweCBzb2xpZCAjNjY2OwogIGZsZXg6IDc7CgogIGRpc3BsYXk6IGZsZXg7CiAgZmxleC1kaXJlY3Rpb246IGNvbHVtbjsKICB3aWR0aDogMDsKfQoKI3RhYi1iYXIgewogIGJhY2tncm91bmQtY29sb3I6ICMyMjI7CiAgYm9yZGVyLWJvdHRvbTogMXB4IHNvbGlkICM0NDQ7CiAgaGVpZ2h0OiAzZW07CiAgZGlzcGxheTogZmxleDsKICBvdmVyZmxvdy14OiBhdXRvOwogIGFsaWduLWl0ZW1zOiBmbGV4LWVuZDsKICBtYXJnaW46IDA7CiAgcGFkZGluZzogMC41ZW0gMWVtIDA7Cn0KCiN0YWItYmFyIGxpIHsKICBiYWNrZ3JvdW5kLWNvbG9yOiAjMjIyOwogIHRyYW5zaXRpb246IGJhY2tncm91bmQtY29sb3IgMC4yczsKICBib3JkZXItcmFkaXVzOiA1cHggNXB4IDAgMDsKICBib3JkZXI6IDFweCBzb2xpZCAjMjIyOwogIGJvcmRlci1ib3R0b206IDBweDsKCiAgcGFkZGluZzogMC4yNWVtIDAuNWVtOwogIGZvbnQtc2l6ZTogMC45ZW07CiAgbWluLXdpZHRoOiAxNGVtOwogIGN1cnNvcjogcG9pbnRlcjsKICBtYXJnaW4tcmlnaHQ6IDAuNWVtOwoKICBkaXNwbGF5OiBmbGV4Owp9CiN0YWItYmFyIGxpOmhvdmVyIHsKICBiYWNrZ3JvdW5kLWNvbG9yOiAjNDQ0Owp9CiN0YWItYmFyIC5sYWJlbCB7CiAgZmxleDogMTsKICBtYXJnaW46IDAgMC41ZW07Cn0KCiN0YWItYmFyIC5hY3RpdmUgewogIGJhY2tncm91bmQtY29sb3I6ICMzMzM7Cn0KI3RhYi1iYXIgbGk6bm90KC5hY3RpdmUpIHsKICBib3JkZXItY29sb3I6ICMzMzM7Cn0KCiN0YWItYmFyIC5jbG9zZS1idG4gewogIGNvbG9yOiAjMjIyOwogIHRyYW5zaXRpb246IGNvbG9yIDAuMnM7Cn0KI3RhYi1iYXIgbGk6aG92ZXIgLmNsb3NlLWJ0biB7CiAgY29sb3I6ICM5OTk7Cn0KI3RhYi1iYXIgbGkgLmNsb3NlLWJ0bjpob3ZlciB7CiAgY29sb3I6ICNmMzM7CiAgYmFja2dyb3VuZC1jb2xvcjogIzExMTsKICBib3JkZXItcmFkaXVzOiA1cHg7Cn0KCgoucGFuZWwtcGFyZW50IHsKICBmbGV4OiAxOwogIGRpc3BsYXk6IGZsZXg7CiAgZmxleC1kaXJlY3Rpb246IGNvbHVtbjsKICBiYWNrZ3JvdW5kLWNvbG9yOiAjMzMzOwp9Ci5mb3JtLXBhbmVsIHsKICBwYWRkaW5nOiAxZW07CiAgZmxleDogMTsKICBkaXNwbGF5OiBmbGV4OwogIGZsZXgtZGlyZWN0aW9uOiBjb2x1bW47CiAgbWF4LXdpZHRoOiAzMGVtOwp9Ci5mb3JtLXJvdyB7CiAgZGlzcGxheTogZmxleDsKICBtYXJnaW46IDAuNWVtIDA7CiAgYWxpZ24taXRlbXM6IGNlbnRlcjsKfQpoMy5mb3JtLXJvdyB7CiAgbWFyZ2luOiAwOwogIGZvbnQtc2l6ZTogMmVtOwogIGZvbnQtd2VpZ2h0OiBub3JtYWw7CiAgdGV4dC10cmFuc2Zvcm06IGxvd2VyY2FzZTsKICBib3JkZXItYm90dG9tOiAycHggc29saWQgIzY2NjsKICBjb2xvcjogIzk5OTsKICBtYXJnaW4tYm90dG9tOiAxZW07Cn0KLmZvcm0tcm93IHNwYW4gewogIGZsZXgtYmFzaXM6IDVlbTsKfQouZm9ybS1yb3cgW3JlYWRvbmx5XSB7CiAgY29sb3I6ICM5OTk7Cn0KLmZvcm0tcm93IGlucHV0LCAuZm9ybS1yb3cgc2VsZWN0LCAuZm9ybS1yb3cgYnV0dG9uIHsKICBwYWRkaW5nOiAwLjVlbSAxZW07CiAgYmFja2dyb3VuZC1jb2xvcjogIzIyMjsKICBib3JkZXI6IDFweCBzb2xpZCAjOTk5OwogIGJvcmRlci1yYWRpdXM6IDNweDsKICBmb250LXNpemU6IDEuMmVtOwogIGNvbG9yOiAjZWVlOwogIGZsZXg6IDE7Cn0KLmZvcm0tcm93IGlucHV0LCAuZm9ybS1yb3cgc2VsZWN0IHsKICBtYXJnaW4tbGVmdDogMWVtOwp9Ci5mb3JtLXJvdzpob3ZlciBpbnB1dCwgLmZvcm0tcm93OmhvdmVyIHNlbGVjdCwgLmZvcm0tcm93IGJ1dHRvbjpob3ZlciB7CiAgYm94LXNoYWRvdzogMCAwIDRweCAycHggcmdiYSgyNTUsIDI1NSwgMjU1LCAwLjIpOwogIGJvcmRlci1jb2xvcjogI2NjYzsKICBiYWNrZ3JvdW5kLWNvbG9yOiAjNDQ0Owp9Ci5jbS1wYW5lbCA+IC5Db2RlTWlycm9yIHsKICBmbGV4OiAxOwogIGZvbnQtZmFtaWx5OiAnRmlyYSBDb2RlJywgbW9ub3NwYWNlOwogIGZvbnQtdmFyaWFudC1saWdhdHVyZXM6IGNvbnRleHR1YWw7Cn0K"
"root/editor","app.js","File","Y29uc3Qgb3JiaXRlciA9IG5ldyBPcmJpdGVyKCIvfn4vbi9hd3MtbnMiKTsKCi8vIFRPRE8Kd2luZG93LnJlcXVpcmUgPSBmdW5jdGlvbiAobmFtZXMpIHsKICBjb25zb2xlLmxvZygiJ1JlcXVpcmluZyciLCBuYW1lcykKfQoKVnVlLmNvbXBvbmVudCgnZW50cnktaXRlbScsIHsKICB0ZW1wbGF0ZTogJyNlbnRyeS1pdGVtJywKICBwcm9wczogewogICAgbmFtZTogU3RyaW5nLAogICAgdHlwZTogU3RyaW5nLAogICAgcGF0aDogU3RyaW5nLAogICAgc3RhcnRPcGVuOiBCb29sZWFuLAogIH0sCiAgZGF0YSgpIHsKICAgIHJldHVybiB7CiAgICAgIGVudHJ5OiB7fSwKICAgICAgb3BlbjogISF0aGlzLnN0YXJ0T3BlbiwKICAgICAgbG9hZGVyOiB0aGlzLnN0YXJ0T3BlbiA/IHRoaXMubG9hZCgpIDogbnVsbCwKICAgIH07CiAgfSwKICBjb21wdXRlZDogewogICAgaXNGb2xkZXIoKSB7CiAgICAgIHJldHVybiB0aGlzLnR5cGUgPT09ICJGb2xkZXIiOwogICAgfSwKICAgIGljb24oKSB7CiAgICAgIHN3aXRjaCAodGhpcy50eXBlKSB7CiAgICAgICAgY2FzZSAiRm9sZGVyIjoKICAgICAgICAgIHJldHVybiB0aGlzLm9wZW4gPyAiZm9sZGVyX29wZW4iIDogImZvbGRlciI7CiAgICAgICAgY2FzZSB1bmRlZmluZWQ6IC8vIFRPRE86IHVudWdseQogICAgICAgICAgcmV0dXJuIHRoaXMub3BlbiA/ICJleHBhbmRfbGVzcyIgOiAiY2hldnJvbl9yaWdodCI7CiAgICAgICAgZGVmYXVsdDoKICAgICAgICAgIHJldHVybiAiaW5zZXJ0X2RyaXZlX2ZpbGUiOwogICAgICB9CiAgICB9LAogIH0sCiAgbWV0aG9kczogewogICAgYWN0aXZhdGUoKSB7CiAgICAgIGlmICh0aGlzLnR5cGUgPT09ICdGb2xkZXInKSB7CiAgICAgICAgdGhpcy5vcGVuID0gIXRoaXMub3BlbjsKICAgICAgICB0aGlzLmxvYWQoKTsKICAgICAgfSBlbHNlIHsKICAgICAgICBhcHAub3BlbkVkaXRvcih7CiAgICAgICAgICB0eXBlOiAnZWRpdC0nICsgdGhpcy50eXBlLnRvTG93ZXJDYXNlKCksCiAgICAgICAgICBsYWJlbDogdGhpcy5uYW1lLAogICAgICAgICAgaWNvbjogJ2VkaXQnLAogICAgICAgICAgcGF0aDogdGhpcy5wYXRoLAogICAgICAgIH0pOwogICAgICB9CiAgICB9LAogICAgbG9hZCgpIHsKICAgICAgaWYgKCF0aGlzLmxvYWRlcikgewogICAgICAgIHRoaXMubG9hZGVyID0gb3JiaXRlci5sb2FkTWV0YWRhdGEodGhpcy5wYXRoKTsKICAgICAgICB0aGlzLmxvYWRlci50aGVuKHggPT4gdGhpcy5lbnRyeSA9IHgpOwogICAgICB9CiAgICAgIHJldHVybiB0aGlzLmxvYWRlcjsKICAgIH0sCiAgICByZWxvYWQoKSB7CiAgICAgIHRoaXMubG9hZGVyID0gbnVsbDsKICAgICAgcmV0dXJuIHRoaXMubG9hZCgpOwogICAgfSwKICB9Cn0pOwoKVnVlLmNvbXBvbmVudCgnY3JlYXRlLWVudHJ5LWl0ZW0nLCB7CiAgdGVtcGxhdGU6ICcjY3JlYXRlLWVudHJ5LWl0ZW0nLAogIHByb3BzOiB7CiAgICBwYXJlbnQ6IFN0cmluZywKICAgIHBhcmVudE5hbWU6IFN0cmluZywKICB9LAogIG1ldGhvZHM6IHsKICAgIGFjdGl2YXRlKCkgewogICAgICBhcHAub3BlbkVkaXRvcih7CiAgICAgICAgdHlwZTogJ2NyZWF0ZS1uYW1lJywKICAgICAgICBsYWJlbDogJ2NyZWF0ZSAoJyArIHRoaXMucGFyZW50TmFtZSArICcpJywKICAgICAgICBpY29uOiAnYWRkJywKICAgICAgICBwYXRoOiB0aGlzLnBhcmVudCwKICAgICAgfSk7CiAgICB9LAogIH0KfSk7CgpWdWUuY29tcG9uZW50KCdjcmVhdGUtbmFtZScsIHsKICB0ZW1wbGF0ZTogJyNjcmVhdGUtbmFtZScsCiAgcHJvcHM6IHsKICAgIHRhYjogT2JqZWN0LAogIH0sCiAgZGF0YSgpIHsKICAgIHJldHVybiB7CiAgICAgIG5hbWU6ICcnLAogICAgICB0eXBlOiAnRmlsZScsCiAgICB9OwogIH0sCiAgY29tcHV0ZWQ6IHsKICB9LAogIG1ldGhvZHM6IHsKICAgIHN1Ym1pdCgpIHsKICAgICAgaWYgKCF0aGlzLm5hbWUubGVuZ3RoKSB7CiAgICAgICAgYWxlcnQoIkVudGVyIGEgbmFtZSEiKTsKICAgICAgICByZXR1cm47CiAgICAgIH0KICAgICAgY29uc3QgZnVsbFBhdGggPSB0aGlzLnRhYi5wYXRoICsgJy8nICsgdGhpcy5uYW1lOwoKICAgICAgc3dpdGNoICh0aGlzLnR5cGUpIHsKICAgICAgY2FzZSAiRmlsZSI6CiAgICAgICAgLy8gRG9uJ3QgYWN0dWFsbHkgY3JlYXRlIHlldCwganVzdCBvcGVuIGEgYnVmZmVyCiAgICAgICAgYXBwLm9wZW5FZGl0b3IoewogICAgICAgICAgdHlwZTogImVkaXQtZmlsZSIsCiAgICAgICAgICBpY29uOiAiZWRpdCIsCiAgICAgICAgICBsYWJlbDogdGhpcy5uYW1lLAogICAgICAgICAgcGF0aDogZnVsbFBhdGgsCiAgICAgICAgICBpc05ldzogdHJ1ZSwKICAgICAgICB9KTsKICAgICAgICBhcHAuY2xvc2VUYWIodGhpcy50YWIpOwogICAgICAgIGJyZWFrOwoKICAgICAgY2FzZSAiRm9sZGVyIjoKICAgICAgICBvcmJpdGVyLnB1dEZvbGRlcihmdWxsUGF0aCkudGhlbih4ID0+IHsKICAgICAgICAgIGFsZXJ0KCdDcmVhdGVkJyk7CiAgICAgICAgICBjb25zdCBwYXJlbnQgPSBhcHAuc2VsZWN0VHJlZU5vZGUodGhpcy50YWIucGF0aCk7CiAgICAgICAgICBpZiAocGFyZW50ICE9IG51bGwgJiYgcGFyZW50LnJlbG9hZCkgewogICAgICAgICAgICBwYXJlbnQucmVsb2FkKCk7CiAgICAgICAgICAgIC8vIFRPRE86IGVuc3VyZSBjaGlsZCBpcyBhbHJlYWR5IG9wZW4KICAgICAgICAgIH0KICAgICAgICAgIGFwcC5jbG9zZVRhYih0aGlzLnRhYik7CiAgICAgICAgfSk7CiAgICAgICAgYnJlYWs7CgogICAgICBkZWZhdWx0OgogICAgICAgIGFsZXJ0KGBJIGRvbid0IGtub3cgaG93IHRvIG1ha2UgYSAke3RoaXMudHlwZX0geWV0YCkKICAgICAgfQogICAgfSwKICB9Cn0pOwoKVnVlLmNvbXBvbmVudCgnZWRpdC1maWxlJywgewogIHRlbXBsYXRlOiAnI2VkaXQtZmlsZScsCiAgcHJvcHM6IHsKICAgIHRhYjogT2JqZWN0LAogIH0sCiAgZGF0YSgpIHsKICAgIGNvbnN0IHBhdGhQYXJ0cyA9IHRoaXMudGFiLnBhdGguc3BsaXQoJy8nKTsKICAgIHJldHVybiB7CiAgICAgIHNvdXJjZTogJycsCiAgICAgIGVkaXRvck9wdGlvbnM6IHsKICAgICAgICB0YWJTaXplOiAyLAogICAgICAgIG1vZGU6IHsKICAgICAgICAgIGZpbGVuYW1lOiBwYXRoUGFydHNbcGF0aFBhcnRzLmxlbmd0aCAtIDFdLAogICAgICAgIH0sCiAgICAgICAgc3R5bGVBY3RpdmVMaW5lOiB0cnVlLAogICAgICAgIGxpbmVXcmFwcGluZzogdHJ1ZSwKICAgICAgICBsaW5lTnVtYmVyczogdHJ1ZSwKICAgICAgICBsaW5lOiB0cnVlLAogICAgICAgIHN0eWxlU2VsZWN0ZWRUZXh0OiB0cnVlLAogICAgICAgIG1hdGNoQnJhY2tldHM6IHRydWUsCiAgICAgICAgc2hvd0N1cnNvcldoZW5TZWxlY3Rpbmc6IHRydWUsCiAgICAgICAgdGhlbWU6ICJ0b21vcnJvdy1uaWdodC1icmlnaHQiLAogICAgICAgIGV4dHJhS2V5czogewogICAgICAgICAgIkN0cmwiOiAiYXV0b2NvbXBsZXRlIiwKICAgICAgICB9LAogICAgICB9CiAgICB9OwogIH0sCiAgY29tcHV0ZWQ6IHsKICAgIHBhcmVudFBhdGgoKSB7CiAgICAJY29uc3QgcGF0aFBhcnRzID0gdGhpcy50YWIucGF0aC5zcGxpdCgnLycpOwogICAgICByZXR1cm4gcGF0aFBhcnRzLnNsaWNlKDAsIC0xKS5qb2luKCcvJyk7CiAgICB9LAogIH0sCiAgbWV0aG9kczogewogICAgYWN0aXZhdGUoKSB7CiAgICB9LAogICAgc2F2ZSgpIHsKICAgICAgb3JiaXRlci5wdXRGaWxlKHRoaXMudGFiLnBhdGgsIHRoaXMuc291cmNlKS50aGVuKHggPT4gewogICAgICAgIGFsZXJ0KCdTYXZlZCcpOwogICAgICAgIGlmICh0aGlzLnRhYi5pc05ldyA9PT0gdHJ1ZSkgewogICAgICAgICAgdGhpcy50YWIuaXNOZXcgPSBmYWxzZTsKCiAgICAgICAgICBjb25zdCBwYXJlbnQgPSBhcHAuc2VsZWN0VHJlZU5vZGUodGhpcy5wYXJlbnRQYXRoKTsKICAgICAgICAgIGlmIChwYXJlbnQgIT0gbnVsbCAmJiBwYXJlbnQucmVsb2FkKSB7CiAgICAgICAgICAgIHBhcmVudC5yZWxvYWQoKTsKICAgICAgICAgIH0KICAgICAgICB9CiAgICAgIH0pOwogICAgfSwKICB9LAogIGNyZWF0ZWQoKSB7CiAgICBpZiAoIXRoaXMudGFiLmlzTmV3KSB7CiAgICAgIG9yYml0ZXIKICAgICAgICAubG9hZEZpbGUodGhpcy50YWIucGF0aCkKICAgICAgICAudGhlbih4ID0+IHRoaXMuc291cmNlID0geCk7CiAgICB9CiAgfSwKfSk7Cgp2YXIgYXBwID0gbmV3IFZ1ZSh7CiAgZWw6ICcjYXBwJywKICBkYXRhOiB7CiAgICB0YWJMaXN0OiBbXSwKICAgIHRhYktleXM6IHt9LAogICAgY3VycmVudFRhYjogbnVsbCwKICB9LAogIGNyZWF0ZWQoKSB7CiAgICB3aW5kb3cuYWRkRXZlbnRMaXN0ZW5lcigna2V5ZG93bicsIHRoaXMuaGFuZGxlS2V5RG93bik7CiAgfSwKICBkZXN0cm95ZWQoKSB7CiAgICB3aW5kb3cucmVtb3ZlRXZlbnRMaXN0ZW5lcigna2V5ZG93bicsIHRoaXMuaGFuZGxlS2V5RG93bik7CiAgfSwKICBtZXRob2RzOiB7CiAgICAvLyBGb2N1cyBvciBvcGVuIGEgbmV3IGVkaXRvciBmb3IgZ2l2ZW4gZGV0YWlscwogICAgb3BlbkVkaXRvcihkZWV0cykgewogICAgICBkZWV0cy5rZXkgPSBbZGVldHMucGF0aCwgZGVldHMudHlwZV0uam9pbignOicpOwogICAgICBpZiAoZGVldHMua2V5IGluIHRoaXMudGFiS2V5cykgewogICAgICAgIHRoaXMuYWN0aXZhdGVUYWIodGhpcy50YWJLZXlzW2RlZXRzLmtleV0pOwogICAgICB9IGVsc2UgewogICAgICAgIGNvbnNvbGUubG9nKCJPcGVuaW5nIGVkaXRvciIsIGRlZXRzLmtleSwgJ2xhYmVsbGVkJywgZGVldHMubGFiZWwpOwogICAgICAgIHRoaXMuY3VycmVudFRhYiA9IGRlZXRzOwogICAgICAgIHRoaXMudGFiTGlzdC5wdXNoKGRlZXRzKTsKICAgICAgICB0aGlzLnRhYktleXNbZGVldHMua2V5XSA9IGRlZXRzOwogICAgICB9CiAgICB9LAogICAgYWN0aXZhdGVUYWIodGFiKSB7CiAgICAgIGNvbnNvbGUubG9nKCJTd2l0Y2hpbmcgdG8gdGFiIiwgdGFiLmxhYmVsKTsKICAgICAgdGhpcy5jdXJyZW50VGFiID0gdGFiOwogICAgfSwKICAgIGNsb3NlVGFiKHRhYikgewogICAgICBjb25zdCBpZHggPSB0aGlzLnRhYkxpc3QuaW5kZXhPZih0YWIpOwogICAgICBjb25zb2xlLmxvZygiQ2xvc2luZyB0YWIiLCB0YWIubGFiZWwsICJpZHgiLCBpZHgpOwogICAgICBpZiAoaWR4ICE9PSAtMSkgewogICAgICAgIHRoaXMudGFiTGlzdC5zcGxpY2UoaWR4LCAxKTsKICAgICAgfQogICAgICBkZWxldGUgdGhpcy50YWJLZXlzW3RhYi5rZXldOwoKICAgICAgaWYgKHRoaXMuY3VycmVudFRhYiA9PT0gdGFiKSB7CiAgICAgICAgdGhpcy5jdXJyZW50VGFiID0gdGhpcy50YWJMaXN0WzBdOwogICAgICAgIGNvbnN0IGlkeCA9IHRoaXMudGFiTGlzdC5pbmRleE9mKHRoaXMuY3VycmVudFRhYik7CiAgICAgIH0KICAgIH0sCiAgICAKICAgIC8vIEdpdmVuIC9uL29zZnMvaW5kZXguaHRtbCwgc2VsZWN0cyB0aGUgJ2luZGV4Lmh0bWwnIGNvbXBvbmVudCBvciBudWxsIGlmIGl0J3Mgbm90IGxvYWRlZAogICAgc2VsZWN0VHJlZU5vZGUocGF0aCkgewogICAgICBjb25zdCBwYXJ0cyA9IHBhdGguc2xpY2UoMSkuc3BsaXQoJy8nKTsKICAgICAgdmFyIG5vZGUgPSB0aGlzLiRyZWZzLnRyZWU7CiAgICAgIHZhciB0cmVlcwogICAgICB3aGlsZSAocGFydHMubGVuZ3RoICYmIG5vZGUgIT0gbnVsbCAmJiAnY2hpbGRyZW4nIGluIG5vZGUuJHJlZnMpIHsKICAgICAgICBjb25zdCBwYXJ0ID0gcGFydHMuc2hpZnQoKTsKICAgICAgICBub2RlID0gbm9kZS4kcmVmcy5jaGlsZHJlbi5maW5kKGNoaWxkID0+IGNoaWxkLm5hbWUgPT09IHBhcnQpOwogICAgICB9CiAgICAgIGlmIChwYXJ0cy5sZW5ndGggPT09IDApIHsKICAgICAgCXJldHVybiBub2RlOwogICAgICB9CiAgICB9LAogICAgCiAgICBvZmZzZXRUYWJJZHgoYmFzZVRhYiwgb2Zmc2V0KSB7CiAgICAgIGNvbnN0IGlkeCA9IHRoaXMudGFiTGlzdC5pbmRleE9mKGJhc2VUYWIpOwogICAgICBpZiAoaWR4ID09PSAtMSkgewogICAgICAgIHJldHVybiBjb25zb2xlLmxvZygnVGFiJywgYmFzZVRhYi5rZXksICdub3QgZm91bmQnKTsKICAgICAgfQogICAgICBjb25zdCBuZXdJZHggPSBpZHggKyBvZmZzZXQ7CiAgICAgIGlmIChuZXdJZHggPj0gMCAmJiBuZXdJZHggPCB0aGlzLnRhYkxpc3QubGVuZ3RoKSB7CiAgICAgICAgdGhpcy5jdXJyZW50VGFiID0gdGhpcy50YWJMaXN0W25ld0lkeF07CiAgICAgIH0KICAgIH0sCgogICAgaGFuZGxlS2V5RG93bihldnQpIHsKICAgICAgY29uc3QgdGFiID0gKHRoaXMuJHJlZnMudGFiRWxlbXMgfHwgW10pCiAgICAgICAgLmZpbmQoZWxlbSA9PiBlbGVtLnRhYi5rZXkgPT09IHRoaXMuY3VycmVudFRhYi5rZXkpOwoKICAgICAgc3dpdGNoICh0cnVlKSB7CiAgICAgICAgICAKICAgICAgLy8gcHJldmlvdXMvbmV4dCB0YWIKICAgICAgY2FzZSBldnQuY29kZSA9PT0gJ0NvbW1hJyAmJiBldnQuY3RybEtleToKICAgICAgY2FzZSBldnQuY29kZSA9PT0gJ0JyYWNrZXRMZWZ0JyAmJiBldnQubWV0YUtleToKICAgICAgICB0aGlzLm9mZnNldFRhYklkeCh0YWIudGFiLCAtMSk7CiAgICAgICAgYnJlYWs7CiAgICAgIGNhc2UgZXZ0LmNvZGUgPT09ICdQZXJpb2QnICYmIGV2dC5jdHJsS2V5OgogICAgICBjYXNlIGV2dC5jb2RlID09PSAnQnJhY2tldFJpZ2h0JyAmJiBldnQubWV0YUtleToKICAgICAgICB0aGlzLm9mZnNldFRhYklkeCh0YWIudGFiLCAxKTsKICAgICAgICBicmVhazsKCiAgICAgIGNhc2UgZXZ0LmNvZGUgPT09ICdLZXlTJyAmJiBldnQubWV0YUtleToKICAgICAgICBpZiAodGFiKSB7CiAgICAgICAgICBldnQucHJldmVudERlZmF1bHQoKTsKICAgICAgICAgIGNvbnNvbGUubG9nKCdTYXZpbmcgdGFiOicsIHRhYi50YWIubGFiZWwpOwogICAgICAgICAgdGFiLnNhdmUoKTsKICAgICAgICB9CiAgICAgICAgYnJlYWs7CgogICAgICBjYXNlIGV2dC5jb2RlID09PSAnS2V5QScgJiYgZXZ0Lm1ldGFLZXk6CiAgICAgICAgaWYgKHRhYikgewogICAgICAgICAgZXZ0LnByZXZlbnREZWZhdWx0KCk7CiAgICAgICAgICBjb25zb2xlLmxvZygnQ2xvc2luZyB0YWI6JywgdGFiLnRhYi5sYWJlbCk7CiAgICAgICAgICB0aGlzLmNsb3NlVGFiKHRhYi50YWIpOwogICAgICAgIH0KICAgICAgICBicmVhazsKCiAgICAgIGNhc2UgZXZ0LmNvZGUgPT09ICdLZXlOJyAmJiBldnQubWV0YUtleToKICAgICAgICBpZiAodGFiKSB7CiAgICAgICAgICBldnQucHJldmVudERlZmF1bHQoKTsKICAgICAgICAgIGNvbnN0IHBhdGhQYXJ0cyA9IHRhYi50YWIucGF0aC5zbGljZSgxKS5zcGxpdCgnLycpOwogICAgICAgICAgdGhpcy5vcGVuRWRpdG9yKHsKICAgICAgICAgICAgdHlwZTogImNyZWF0ZS1uYW1lIiwKICAgICAgICAgICAgbGFiZWw6ICJjcmVhdGUgKCIgKyBwYXRoUGFydHNbcGF0aFBhcnRzLmxlbmd0aCAtIDJdICsgIikiLAogICAgICAgICAgICBpY29uOiAiYWRkIiwKICAgICAgICAgICAgcGF0aDogIi8iICsgcGF0aFBhcnRzLnNsaWNlKDAsIC0xKS5qb2luKCcvJyksCiAgICAgICAgICB9KTsKICAgICAgICB9CiAgICAgICAgYnJlYWs7CgogICAgICBkZWZhdWx0OgogICAgICAgIGNvbnNvbGUubG9nKCdrZXknLCBldnQuY29kZSwgZXZ0Lm1ldGFLZXkpOwoKICAgICAgfQogICAgfSwKICB9LAoKfSk7Cg=="
"root/editor","index.html","File","PCFkb2N0eXBlIGh0bWw+Cjx0aXRsZT5OYW1lIFN5c3RlbSAtIFN0YXJkdXN0PC90aXRsZT4KPGxpbmsgaHJlZj0iaHR0cHM6Ly9mb250cy5nb29nbGVhcGlzLmNvbS9jc3M/ZmFtaWx5PVJvYm90b3xNYXRlcmlhbCtJY29ucyIgcmVsPSJzdHlsZXNoZWV0Ij4KPGxpbmsgaHJlZj0iL35+L24vb3Nmcy9mb250cy9maXJhX2NvZGUuY3NzIiByZWw9InN0eWxlc2hlZXQiPgo8bGluayBocmVmPSJhcHAuY3NzIiB0eXBlPSJ0ZXh0L2NzcyIgcmVsPSJzdHlsZXNoZWV0Ij4KPG1ldGEgbmFtZT0idmlld3BvcnQiIGNvbnRlbnQ9IndpZHRoPWRldmljZS13aWR0aCwgaW5pdGlhbC1zY2FsZT0xIj4KCjxkaXYgaWQ9ImFwcCI+CiAgPHVsIGlkPSJyb290LXRyZWUiIGNsYXNzPSJ0cmVlIj4KICAgIDxlbnRyeS1pdGVtCiAgICAgIGNsYXNzPSJlbnRyeS1pdGVtIgogICAgICBuYW1lPSJzZDovL2FwdC9uL2F3cy1ucyIKICAgICAgcmVmPSJ0cmVlIgogICAgICA6cGF0aD0iJyciCiAgICAgIDp0eXBlPSInRm9sZGVyJyIKICAgICAgOnN0YXJ0LW9wZW49InRydWUiPgogICAgPC9lbnRyeS1pdGVtPgogIDwvdWw+CgogIDxkaXYgaWQ9ImVkaXQtcGFuZSI+CiAgICA8dWwgaWQ9InRhYi1iYXIiPgogICAgICA8bGkgdi1mb3I9InRhYiBpbiB0YWJMaXN0IiBjbGFzcz0idG9kby10YWIiCiAgICAgICAgICA6dGl0bGU9InRhYi5rZXkiCiAgICAgICAgICBAY2xpY2s9ImFjdGl2YXRlVGFiKHRhYikiCiAgICAgICAgICA6a2V5PSJ0YWIua2V5IgogICAgICAgICAgOmNsYXNzPSJ7YWN0aXZlOiBjdXJyZW50VGFiID09PSB0YWJ9Ij4KICAgICAgICA8aSBjbGFzcz0ibWF0ZXJpYWwtaWNvbnMgdHJlZS1pY29uIj57e3RhYi5pY29ufX08L2k+CiAgICAgICAgPHNwYW4gY2xhc3M9ImxhYmVsIj57e3RhYi5sYWJlbH19PC9zcGFuPgogICAgICAgIDxpIGNsYXNzPSJtYXRlcmlhbC1pY29ucyB0cmVlLWljb24gY2xvc2UtYnRuIgogICAgICAgICAgIEBjbGljay5zdG9wPSJjbG9zZVRhYih0YWIpIgogICAgICAgICAgIHRpdGxlPSJjbG9zZSB0YWIiPmNsb3NlPC9pPgogICAgICA8L2xpPgogICAgPC91bD4KCiAgICA8Y29tcG9uZW50CiAgICAgICAgdi1mb3I9InRhYiBpbiB0YWJMaXN0IgogICAgICAgIHYtc2hvdz0idGFiID09PSBjdXJyZW50VGFiIgogICAgICAgIDprZXk9InRhYi5rZXkiCiAgICAgICAgOmlzPSJ0YWIudHlwZSIKICAgICAgICA6dGFiPSJ0YWIiCiAgICAgICAgcmVmPSJ0YWJFbGVtcyI+PC9jb21wb25lbnQ+CiAgPC9kaXY+CjwvZGl2PgoKPHNjcmlwdCB0eXBlPSJ0ZXh0L3gtdGVtcGxhdGUiIGlkPSJlbnRyeS1pdGVtIj4KICA8bGkgY2xhc3M9ImVudHJ5LWl0ZW0iPgogICAgPGRpdgogICAgICBjbGFzcz0iZm9sZGVyLW5hbWUiCiAgICAgIEBjbGljaz0iYWN0aXZhdGUiPgogICAgICA8aSBjbGFzcz0ibWF0ZXJpYWwtaWNvbnMgdHJlZS1pY29uIj57e2ljb259fTwvaT4KICAgICAge3tuYW1lfX0KICAgIDwvZGl2PgoKICAgIDx1bCB2LXNob3c9Im9wZW4iIHYtaWY9ImlzRm9sZGVyIiBjbGFzcz0ic3ViLXRyZWUiPgogICAgICA8ZW50cnktaXRlbQogICAgICAgIHYtZm9yPSJjaGlsZCBpbiBlbnRyeS5jaGlsZHJlbiIKICAgICAgICByZWY9ImNoaWxkcmVuIgogICAgICAgIDprZXk9ImNoaWxkLm5hbWUiCiAgICAgICAgOm5hbWU9ImNoaWxkLm5hbWUiCiAgICAgICAgOnR5cGU9ImNoaWxkLnR5cGUiCiAgICAgICAgOnBhdGg9InBhdGggKyAnLycgKyBjaGlsZC5uYW1lIgogICAgICAgIDpzdGFydC1vcGVuPSJuYW1lID09PSAnc2Q6Ly9hcHQuZGFub3BpYS5uZXQnIj4KICAgICAgPC9lbnRyeS1pdGVtPgoKICAgICAgPGNyZWF0ZS1lbnRyeS1pdGVtCiAgICAgICAgOnBhcmVudD0icGF0aCIKICAgICAgICA6cGFyZW50TmFtZT0ibmFtZSI+CiAgICAgIDwvY3JlYXRlLWVudHJ5LWl0ZW0+CiAgICA8L3VsPgogIDwvbGk+Cjwvc2NyaXB0PgoKPHNjcmlwdCB0eXBlPSJ0ZXh0L3gtdGVtcGxhdGUiIGlkPSJjcmVhdGUtZW50cnktaXRlbSI+CiAgPGxpIGNsYXNzPSJjcmVhdGUtZW50cnktaXRlbSI+CiAgICA8ZGl2CiAgICAgIGNsYXNzPSJmb2xkZXItbmFtZSIKICAgICAgQGNsaWNrPSJhY3RpdmF0ZSI+CiAgICAgIDxpIGNsYXNzPSJtYXRlcmlhbC1pY29ucyB0cmVlLWljb24iPmFkZDwvaT4KICAgICAgY3JlYXRlLi4uCiAgICA8L2Rpdj4KICA8L2xpPgo8L3NjcmlwdD4KCjxzY3JpcHQgdHlwZT0idGV4dC94LXRlbXBsYXRlIiBpZD0iY3JlYXRlLW5hbWUiPgo8ZGl2IGNsYXNzPSJwYW5lbC1wYXJlbnQiPgogIDxmb3JtIGNsYXNzPSJmb3JtLXBhbmVsIgogICAgICBAc3VibWl0LnByZXZlbnQ9InN1Ym1pdCI+CiAgICA8aDMgY2xhc3M9ImZvcm0tcm93Ij5DcmVhdGUgRW50cnk8L2gzPgogICAgPGxhYmVsIGNsYXNzPSJmb3JtLXJvdyI+CiAgICAgIDxzcGFuPlBhcmVudDo8L3NwYW4+CiAgICAgIDxpbnB1dCB0eXBlPSJ0ZXh0IiBuYW1lPSJwYXJlbnQiIDp2YWx1ZT0idGFiLnBhdGgiIHJlYWRvbmx5PgogICAgPC9sYWJlbD4KICAgIDxsYWJlbCBjbGFzcz0iZm9ybS1yb3ciPgogICAgICA8c3Bhbj5OYW1lOjwvc3Bhbj4KICAgICAgPGlucHV0IHR5cGU9InRleHQiIG5hbWU9Im5hbWUiIHYtbW9kZWw9Im5hbWUiIGF1dG9mb2N1cyByZXF1aXJlZD4KICAgIDwvbGFiZWw+CiAgICA8bGFiZWwgY2xhc3M9ImZvcm0tcm93Ij4KICAgICAgPHNwYW4+VHlwZTo8L3NwYW4+CiAgICAgIDxzZWxlY3QgbmFtZT0idHlwZSIgdi1tb2RlbD0idHlwZSI+CiAgICAgICAgPG9wdGlvbj5TdHJpbmc8L29wdGlvbj4KICAgICAgICA8b3B0aW9uPkZpbGU8L29wdGlvbj4KICAgICAgICA8b3B0aW9uPkZvbGRlcjwvb3B0aW9uPgogICAgICA8L3NlbGVjdD4KICAgIDwvbGFiZWw+CiAgICA8ZGl2IGNsYXNzPSJmb3JtLXJvdyI+CiAgICAgIDxidXR0b24gdHlwZT0ic3VibWl0Ij5TYXZlPC9idXR0b24+CiAgICA8L2Rpdj4KICA8L2Zvcm0+CjwvZGl2Pgo8L3NjcmlwdD4KCgo8c2NyaXB0IHR5cGU9InRleHQveC10ZW1wbGF0ZSIgaWQ9ImVkaXQtZmlsZSI+CiAgPGRpdiBjbGFzcz0icGFuZWwtcGFyZW50IGNtLXBhbmVsIj4KICAgIDxjb2RlbWlycm9yIHYtbW9kZWw9InNvdXJjZSIgOm9wdGlvbnM9ImVkaXRvck9wdGlvbnMiPjwvY29kZW1pcnJvcj4KICA8L2Rpdj4KPC9zY3JpcHQ+CgoKPHNjcmlwdCBzcmM9Imh0dHBzOi8vdW5wa2cuY29tL3Z1ZSI+PC9zY3JpcHQ+Cgo8bGluayByZWw9InN0eWxlc2hlZXQiIGhyZWY9Ii9+fi9uL29zZnMvdmVuZG9yL2NvZGVtaXJyb3IuY3NzIj4KPGxpbmsgcmVsPSJzdHlsZXNoZWV0IiBocmVmPSIvfn4vbi9vc2ZzL3ZlbmRvci9jb2RlbWlycm9yLXRoZW1lLXRvbW9ycm93LW5pZ2h0LWJyaWdodC5jc3MiPgo8c2NyaXB0IHNyYz0iL35+L24vb3Nmcy92ZW5kb3IvY29kZW1pcnJvci5qcyI+PC9zY3JpcHQ+CjxzY3JpcHQgc3JjPSIvfn4vbi9vc2ZzL3ZlbmRvci9jb2RlbWlycm9yLW1vZGUuanMiPjwvc2NyaXB0Pgo8c2NyaXB0IHNyYz0iL35+L24vb3Nmcy92ZW5kb3IvY29kZW1pcnJvci1tb2RlLWNzcy5qcyI+PC9zY3JpcHQ+CjxzY3JpcHQgc3JjPSIvfn4vbi9vc2ZzL3ZlbmRvci9jb2RlbWlycm9yLW1vZGUteG1sLmpzIj48L3NjcmlwdD4KPHNjcmlwdCBzcmM9Ii9+fi9uL29zZnMvdmVuZG9yL2NvZGVtaXJyb3ItbW9kZS1qYXZhc2NyaXB0LmpzIj48L3NjcmlwdD4KPHNjcmlwdCBzcmM9Ii9+fi9uL29zZnMvdmVuZG9yL2NvZGVtaXJyb3ItbW9kZS1odG1sbWl4ZWQuanMiPjwvc2NyaXB0Pgo8c2NyaXB0IHNyYz0iL35+L24vb3Nmcy92ZW5kb3IvY29kZW1pcnJvci1tb2RlLXZ1ZS5qcyI+PC9zY3JpcHQ+CjxzY3JpcHQgc3JjPSIvfn4vbi9vc2ZzL3ZlbmRvci92dWUtY29kZW1pcnJvci5qcyI+PC9zY3JpcHQ+Cgo8c2NyaXB0IHNyYz0iL35+L24vYXdzLW5zL29yYml0ZXIvY2xpZW50LmpzIj48L3NjcmlwdD4KPHNjcmlwdCBzcmM9ImFwcC5qcyI+PC9zY3JpcHQ+Cg=="
"root/todo","app","Folder",
"root/todo","data","Folder",
"root","app-suite","Folder",
"root","app-suite.git","Folder",
"root","editor","Folder",
"root","git-test","Folder",
"root","git-test.git","Folder",
"root","orbiter","Folder",
"root","scripts","Folder",
"root","todo","Folder",
